SpeciesName,Topt,T_Upper_Observations,T_Lower_Observations,T_Skew_Observations,T_Upper_0.1_SDM,T_Lower_0.1_SDM,T_Skew_SDM,confidence
Abudefduf bengalensis,25.48434606,28.8360383,21.61557491,-0.263815762,29.393,24.124,1.300157086,3
Abudefduf sexfasciatus,25.37922344,29.02750512,20.60613911,-0.5738789,29.355,24.821,1.743649555,3
Abudefduf troschelii,23.05299036,28.76597538,22.21377049,2.486614868,29.107,18.328,0.678071057,2
Abudefduf vaigiensis,28.893155,29.05189344,20.89683389,-3.998766671,29.432,24.618,-1.906280615,2
Abudefduf whitleyi,25.34622547,27.21147502,22.43307144,-0.534645137,27.085,22.768,-0.428291293,1
Acanthaluteres brownii,18.84751509,20.5961736,16.88017486,-0.111572306,23.74,17.119,1.614270317,2
Acanthaluteres spilomelanurus,13.81600101,20.74503266,13.53424317,3.391466224,24.273,13.732,5.292345903,2
Acanthaluteres vittiger,13.49538251,20.75500213,13.53476161,3.683796182,23.787,14.169,4.907142857,2
Acanthistius ocellatus,19.14438099,21.05730346,16.20212694,-0.525169168,24.257,13.889,-0.07283774,1
Acanthochromis polyacanthus,27.18885448,29.07389227,24.27169785,-0.526591246,29.722,25.181,0.268005633,1
Acanthopagrus australis,19.5028506,22.56548148,18.87336503,1.241400668,24.457,13.67,-0.44831694,3
Acanthurus achilles,28.49811443,28.52227008,25.10237363,-1.720196504,29.202,24.69,-1.583790238,3
Acanthurus albipectoralis,25.21696733,27.37418597,22.22941747,-0.423638381,29.006,22.168,0.377584355,2
Acanthurus auranticavus,30.01875513,29.99362004,24.15360459,-2.979599718,29.749,25.079,-2.382653061,2
Acanthurus blochii,28.90518398,28.68810587,24.42898837,-2.173019134,29.332,22.795,-2.89967753,3
Acanthurus dussumieri,25.60379794,27.77216855,21.64948679,-0.91119415,29.41,24.885,1.575206188,2
Acanthurus grammoptilus,28.98893297,28.71807907,24.44254037,-2.181397295,29.387,25.087,-1.787686703,3
Acanthurus leucopareius,22.61049956,28.52638509,22.25202186,2.835412153,29.226,24.243,2.542346939,1
Acanthurus lineatus,27.2517248,29.05547025,25.43394809,-0.007158809,29.607,25.171,0.140076735,2
Acanthurus nigricans,30.01875513,28.85655738,24.75949386,-2.090338528,29.59,24.943,-2.370918367,2
Acanthurus nigricauda,27.17264986,29.06414501,24.98000683,-0.153646875,29.407,25.643,0.359540963,3
Acanthurus nigrofuscus,25.85941962,28.80680396,21.66403099,-0.63673688,29.567,24.596,1.247020797,1
Acanthurus nigroris,27.58583402,28.53371888,24.32254372,-1.181329304,29.216,24.496,-0.744728587,2
Acanthurus olivaceus,29.00254446,28.80350751,23.49599863,-2.707912695,29.288,24.535,-2.133718836,3
Acanthurus pyroferus,30.01875513,29.97629138,25.25088456,-2.410921846,29.604,25.038,-2.329591837,2
Acanthurus thompsoni,30.00541724,29.97549384,24.74088388,-2.67071937,29.56,25.027,-2.312755102,2
Acanthurus triostegus,25.67213307,29.04150102,22.05365124,-0.12709892,29.373,24.349,1.213129519,2
Acanthurus xanthopterus,29.99912449,28.76607387,23.55587975,-2.658262308,29.71,26.432,-1.67244898,2
Achoerodus gouldii,19.41745519,20.67459723,16.87841667,-0.654028818,20.436,17.112,-0.656586928,1
Achoerodus viridis,18.60837814,22.56294981,17.09085791,1.243393596,24.286,13.836,0.461859042,3
Aipysurus laevis,28.32370945,28.8554235,24.38596374,-1.737771263,28.88,24.681,-1.574703525,2
Alphestes immaculatus,22.21377049,28.65759918,22.44547131,3.169452994,29.329,22.779,3.341836735,1
Amanses scopas,27.83449567,29.89099138,24.45424782,-0.675383751,29.711,25.478,-0.244893546,1
Amblyeleotris guttata,26.88259962,29.05666484,25.55524511,0.431995264,29.422,25.67,0.676939166,1
Amblyeleotris wheeleri,28.02798326,28.88246922,24.6595335,-1.282634595,29.425,25.542,-0.555595164,1
Amblyglyphidodon aureus,30.00541724,29.98948529,26.23696209,-1.914552655,29.692,26.06,-1.853061224,1
Amblyglyphidodon curacao,29.82139226,29.4894422,24.55499055,-2.517577374,29.68,25.083,-2.345408163,1
Amblyglyphidodon leucogaster,30.01875513,29.9798803,25.79428523,-2.135507691,29.699,25.454,-2.165816327,2
Amblygobius decussatus,27.07451158,29.04945007,25.81118322,0.363066394,29.538,25.27,0.336212673,2
Amblygobius nocturnus,29.05376197,28.66835055,21.65128199,-3.580137017,29.465,24.618,-2.053328541,3
Amblygobius phalaena,25.12427435,28.71028689,21.64305753,0.0534672,29.373,24.563,1.881352705,3
Amphiprion akindynos,25.07822527,27.38231431,22.3076324,-0.238012163,28.903,24.084,1.444157883,2
Amphiprion chrysopterus,29.50098863,28.53153215,24.79216142,-1.907842207,29.697,24.922,-2.236212888,1
Amphiprion clarkii,29.99153215,29.53904241,21.36355115,-4.171169007,29.663,22.899,-3.451020408,2
Amphiprion melanopus,26.35664516,28.91234302,22.47836558,-0.674786591,29.723,25.144,1.098831468,2
Amphiprion ocellaris,27.62923426,29.08058825,26.56949524,0.199803556,29.524,27.916,0.820408163,0
Amphiprion perideraion,30.01875513,29.99286081,25.1757435,-2.457712911,29.705,25.87,-1.956632653,2
Anampses caeruleopunctatus,27.42007165,28.79973565,21.02843238,-2.557130236,29.386,18.944,-3.32150168,1
Anampses geographicus,22.05383135,28.68682729,20.47373924,2.578012166,29.424,18.574,1.984865974,3
Anampses lennardi,26.52821506,28.77804378,25.46263104,0.604206477,28.666,26.196,0.921209121,2
Anampses meleagrides,27.05534477,29.07983231,24.33946831,-0.352749446,29.686,25.809,0.70628085,2
Anampses neoguinaicus,24.77428372,27.40005926,21.64058289,-0.25914556,28.783,17.527,-1.652330331,3
Anampses twistii,29.04523224,28.79950546,24.97998497,-1.948734945,29.418,25.19,-1.776767592,3
Anisotremus caesius,25.26302993,28.73982216,24.34336885,1.304658753,29.322,23.209,1.022928643,1
Anisotremus interruptus,22.39627987,28.49497538,22.24831831,3.036088742,29.283,22.835,3.289795918,2
Anisotremus taeniatus,24.92329641,28.6121751,24.23930191,1.533104182,29.308,23.398,1.458881215,1
Aphareus furca,29.04637978,28.55847811,25.51084699,-1.554913836,29.416,25.091,-1.829469165,3
Aplodactylus arctidens,14.53026747,18.19117316,13.57488046,1.380366674,20.893,13.977,2.964012787,2
Aplodactylus etheridgii,19.6466247,21.78443821,18.94082582,0.730619713,22.046,17.386,0.070791128,2
Aplodactylus lophodon,17.75114916,20.97359543,15.90582982,0.702615782,24.227,13.907,1.342704941,3
Apogon atradorsatus,25.52900061,27.82296893,22.23740847,-0.508991738,29.292,22.782,0.518366729,1
Apogon doederleini,22.75598744,27.28537854,20.61872617,1.220474401,28.829,19.849,1.615318938,2
Apogon flavus,22.26858216,24.707308,21.17294194,0.685247765,27.068,21.056,1.830018205,1
Apogon imberbis,19.19562208,21.55593539,17.41357045,0.295031465,22.672,18.186,1.258548894,3
Apogon limenus,20.21152379,24.62916911,19.29267561,1.78510058,29.077,22.995,3.103061224,3
Apogon victoriae,22.0606098,22.03372189,18.27284679,-1.918813829,24.033,17.58,-1.279703873,3
Aprion virescens,28.46900455,28.84596209,23.71177015,-2.234835137,29.395,24.829,-1.384698525,2
Aracana aurita,13.54845391,20.61209795,13.50571038,3.582092095,22.726,13.444,4.629128661,1
Arothron hispidus,23.96998494,28.6407766,20.73571391,0.732918684,29.095,23.134,2.188280669,1
Arothron meleagris,22.44789904,28.67261696,22.54553996,3.126059696,29.08,23.751,2.718877551,2
Arothron nigropunctatus,30.00541724,29.83011984,25.29449811,-2.314092719,29.597,25.752,-1.961734694,1
Arripis georgianus,20.67169169,20.6614975,15.97761339,-2.389736791,23.437,15.439,-1.258869067,3
Aspidontus taeniatus,27.95809568,29.05737187,19.62071652,-3.692909682,29.401,21.752,-2.430199676,1
Asterropteryx semipunctata,25.4657394,28.25889706,20.64404646,-1.034966983,29.429,19.884,-0.825754493,2
Atrosalarias holomelas,26.4787056,29.04261731,24.19520349,0.14306612,29.406,24.851,0.663055511,2
Atypichthys latus,21.46305787,21.73381304,17.46003108,-1.904220212,22.028,17.468,-1.750059047,1
Atypichthys strigatus,19.60993784,22.59625898,15.74094314,-0.450343654,28.056,15.394,2.158226692,3
Aulostomus chinensis,28.48175257,29.05590843,21.5900487,-3.223238775,29.362,24.121,-1.775767924,2
Austrolabrus maculatus,19.31204733,22.29997715,17.02528714,0.357739604,24.063,14.695,0.068319049,3
Balistapus undulatus,30.01875513,29.53904241,26.63010848,-1.484149962,29.575,25.538,-2.059693878,2
Balistoides conspicillum,29.61134955,29.30220246,22.17376595,-3.636957405,29.686,25.501,-2.05903015,0
Balistoides viridescens,29.08187415,29.06260693,25.71120098,-1.709900997,29.407,25.116,-1.857524638,2
Bodianus axillaris,26.08192512,29.04159699,22.43080622,-0.352779091,29.375,24.68,0.96487233,3
Bodianus diana,29.3497948,29.52316689,25.32413593,-1.965452439,29.693,25.959,-1.554892655,2
Bodianus dictynna,29.0821751,29.07788509,23.41333449,-2.890076837,29.42,25.709,-1.548648064,3
Bodianus diplotaenia,23.41712979,28.56523649,21.73539295,1.768556052,29.165,17.535,-0.068499788,2
Bodianus frenchii,19.52933731,21.59437571,18.58308607,0.570809775,23.714,17.143,0.91751295,2
Bodianus loxozonus,27.63151952,27.60079133,25.775889,-0.931072613,29.043,24.659,-0.796448492,2
Bodianus mesothorax,30.01875513,29.67617674,25.66848483,-2.04474077,29.673,25.103,-2.331632653,2
Bolbometopon muricatum,29.06315321,29.05776479,26.22105112,-1.447302896,29.413,25.598,-1.589442056,3
Boops boops,21.98396717,21.80877428,16.42677975,-2.745915576,22.535,16.158,-2.691293029,1
Brachaluteres jacksonianus,16.64447739,20.78143508,15.73866849,1.648545299,24.177,13.892,2.438798582,1
Bryaninops natans,28.80732213,29.06871865,25.44216406,-1.583551813,29.506,26.306,-0.919716462,2
Caesio caerulaurea,29.78837756,29.08419562,23.87994802,-2.65522837,29.669,25.487,-2.133673469,2
Caesio cuning,26.92895297,28.62283721,24.52966292,-0.359900925,29.472,26.105,0.877088805,3
Caesio lunaris,29.75406741,29.9978632,26.29654993,-1.639653926,29.747,26.556,-1.628061224,0
Caesio teres,29.0821751,29.06778067,22.60758278,-3.296019328,29.416,25.57,-1.621607248,3
Caesioperca lepidoptera,14.86405545,18.19047814,14.44381378,1.482745418,20.403,11.273,0.993820968,2
Caesioperca rasor,15.22679622,17.78497703,13.8467401,0.601084024,20.002,14.048,1.834901817,3
Cantherhines dumerilii,28.14978489,28.72247782,21.61115078,-3.043847543,29.29,24.235,-1.415596828,1
Cantherhines pardalis,25.08707703,29.02521374,21.64209417,0.251609107,29.373,24.802,2.041247927,2
Canthigaster bennetti,28.14858343,28.19580301,19.85460046,-4.207532344,29.363,24.116,-1.437840238,3
Canthigaster callisterna,21.15470618,22.86212195,18.24574966,-0.613030994,26.768,14.285,-0.641026714,1
Canthigaster janthinoptera,29.06080601,29.05222336,21.59165304,-3.806413429,29.392,24.845,-1.981944909,2
Canthigaster papua,30.00541724,29.976092,25.10144809,-2.487063219,29.651,25.244,-2.248469388,2
Canthigaster punctatissima,28.76652531,28.76604651,23.52005464,-2.676526463,28.954,23.343,-2.671454396,2
Canthigaster valentini,29.08187415,29.04577527,21.65100137,-3.77284383,29.334,24.405,-2.257524638,3
Carangoides bajad,29.98919289,29.97657524,26.40847914,-1.820457195,29.772,27.571,-1.122959184,1
Carangoides orthogrammus,28.552539,28.54177327,21.61469879,-3.534221672,28.696,22.988,-2.765856127,1
Carangoides plagiotaenia,29.19079303,29.07770543,26.27876651,-1.428030058,29.736,25.709,-1.498258192,2
Caranx ignobilis,28.3266498,28.54703098,25.33241633,-1.415230765,28.952,24.962,-1.397601837,1
Caranx melampygus,29.99912449,29.05897629,24.45951503,-2.346663909,29.636,24.931,-2.400510204,2
Carcharhinus amblyrhynchos,27.87807006,28.55206224,24.72510929,-1.264779887,29.19,24.66,-0.972520465,2
Centrolabrus exoletus,10.46789475,18.4330607,14.76412603,1.871905448,21.934,6.221,3.683270667,1
Centropyge bicolor,30.01875513,29.35829172,23.75642271,-2.858096436,29.668,25.741,-2.003571429,2
Centropyge bispinosa,28.11790591,29.05598367,22.47587243,-2.399977408,29.638,24.82,-0.907046845,2
Centropyge eibli,29.07998634,29.07342555,24.71453827,-2.223922079,29.502,27.841,-0.416822795,2
Centropyge flavissima,28.60509563,28.52799863,24.66678962,-1.970004599,29.202,24.384,-1.849077172,2
Centropyge heraldi,27.19743019,27.37554952,24.53186458,-1.269105239,28.647,24.423,-0.67594917,2
Centropyge loricula,28.14280078,28.55094391,24.64953723,-1.57404103,29.217,24.774,-1.17071508,1
Centropyge multispinis,29.07998634,29.07348702,24.37640082,-2.396472552,29.516,25.724,-1.489781978,1
Centropyge tibicen,26.33843181,29.05834268,21.58000886,-1.040057177,29.389,23.835,0.279151219,1
Centropyge vrolikii,30.01875513,29.6886435,24.58988525,-2.601407274,29.698,25.002,-2.395918367,2
Cephalopholis argus,28.01367147,29.05534861,22.15521414,-2.457540914,29.392,24.85,-0.910889256,2
Cephalopholis boenak,25.7873645,29.03958607,24.05337278,0.774607065,29.447,25.312,1.624628063,2
Cephalopholis cyanostigma,29.92776071,29.53322025,24.8910926,-2.368432471,29.724,26.247,-1.773979592,2
Cephalopholis leopardus,28.94488488,29.53904241,26.9356807,-0.721962584,29.648,26.368,-0.956004983,1
Cephalopholis microprion,30.01875513,29.86456053,25.76482831,-2.091700112,29.737,25.14,-2.345408163,1
Cephalopholis miniata,29.99912449,29.08196443,21.64946055,-3.792093819,29.715,25.258,-2.273979592,2
Cephalopholis panamensis,28.76607387,28.76598358,23.16023224,-2.860077216,29.271,22.921,-2.724565175,2
Cephalopholis urodeta,29.53904241,29.0661612,24.59614242,-2.280621829,29.547,25.142,-2.239328987,3
Cephaloscyllium laticeps,15.42930293,17.43441496,13.51139071,0.044489693,17.105,13.574,-0.091635648,0
Cetoscarus bicolor,29.79655064,29.102967,25.12171858,-2.031249193,29.71,26.82,-1.474489796,0
Chaetodon adiergastos,29.0821751,29.06686674,24.8532628,-2.149797926,29.434,26.863,-0.952729697,2
Chaetodon aureofasciatus,26.35559112,28.44188782,24.2013844,-0.034647963,28.741,23.978,0.003988654,3
Chaetodon auriga,25.98026927,28.80325137,21.61106452,-0.78888911,29.382,23.852,0.649725234,3
Chaetodon baronessa,30.01875513,29.98027907,24.6162648,-2.736741973,29.715,25.46,-2.170918367,2
Chaetodon bennetti,28.34710536,29.04621175,21.65181446,-3.059277815,29.421,24.824,-1.249597308,1
Chaetodon citrinellus,26.15871882,28.80679235,21.66143848,-0.943472857,29.612,24.804,1.070695086,3
Chaetodon ephippium,29.52222982,29.05605438,25.06940574,-2.034004408,29.605,25.178,-2.174214104,2
Chaetodon flavirostris,24.31986735,27.09431865,20.9938452,-0.281413703,28.606,22.706,1.363400663,3
Chaetodon guentheri,24.0745689,23.99978112,20.0106694,-2.035261083,27.068,13.947,-3.639866226,2
Chaetodon humeralis,25.61949776,28.68264159,23.16023224,0.308101175,29.304,22.68,0.380104324,2
Chaetodon kleinii,30.01875513,29.08210739,21.66832163,-3.782543754,29.629,25.045,-2.33877551,2
Chaetodon lineolatus,28.52734015,29.07606795,21.68392481,-3.211575276,29.672,25.18,-1.123816483,0
Chaetodon lunula,27.45039978,29.0556099,22.25202186,-1.833248877,29.539,24.862,-0.254999772,1
Chaetodon lunulatus,30.01875513,29.08314911,22.06428142,-3.581054944,29.639,24.747,-2.495918367,2
Chaetodon melannotus,24.57543868,29.05610653,21.63673125,0.786714499,29.621,25.118,2.29744898,3
Chaetodon mertensii,25.1247518,27.38992414,21.6337425,-0.625427022,29.388,24.317,1.763008367,3
Chaetodon meyeri,30.01875513,29.07967828,27.0516636,-1.034701369,29.693,26.944,-1.40255102,2
Chaetodon ornatissimus,30.01875513,29.06799453,22.11434062,-3.547782605,29.636,24.819,-2.457653061,2
Chaetodon pelewensis,26.33916069,28.53481532,21.64940401,-1.27250104,29.696,24.459,0.753407463,2
Chaetodon plebeius,24.89828615,27.41364845,21.63472886,-0.38173214,29.366,19.722,-0.361516478,3
Chaetodon punctatofasciatus,29.06414501,29.06283259,24.53390882,-2.310675393,29.445,26.686,-1.019025517,3
Chaetodon quadrimaculatus,27.62869034,28.52915007,25.05992896,-0.851174312,29.209,24.681,-0.697643206,1
Chaetodon rafflesii,29.99912449,29.98315492,26.17453181,-1.943175061,29.743,26.516,-1.646428571,2
Chaetodon rainfordi,25.5151759,27.25597531,22.28786786,-0.758422769,27.145,21.347,-1.29507745,2
Chaetodon reticulatus,28.60509563,28.55344802,24.31745594,-2.161220446,29.196,21.989,-3.074077172,3
Chaetodon speculum,25.22356299,29.06251197,21.61069885,0.115349407,29.307,21.281,0.071874497,2
Chaetodon trifascialis,26.09062824,29.04787773,21.64112525,-0.761353827,29.559,24.666,1.042726283,2
Chaetodon trifasciatus,29.53904241,29.07328723,24.185,-2.494024095,29.597,25.042,-2.264839191,3
Chaetodon ulietensis,29.52410397,29.04444536,24.53507655,-2.300698369,29.599,25.075,-2.231738742,3
Chaetodon unimaculatus,25.42373351,29.0554935,22.15342657,0.18441482,29.415,24.48,1.554863762,3
Chaetodon vagabundus,30.01875513,29.94172298,22.27818911,-3.90996626,29.57,25.081,-2.290306122,2
Chaetodontoplus duboulayi,28.98893297,28.76337053,24.19490561,-2.33084945,28.581,23.96,-2.357653061,2
Chaetodontoplus meredithi,25.9803435,26.33244775,21.80066716,-1.952842906,26.914,21.19,-1.967697448,2
Chaetodontoplus mesoleucus,29.99153215,29.9437565,26.13718306,-1.942129305,29.772,27.855,-0.978061224,2
Cheilinus chlorourus,29.46317329,28.77804378,24.21219391,-2.329515236,29.608,25.406,-1.996095196,2
Cheilinus fasciatus,27.91305135,29.98264877,24.84547024,-0.509175354,29.701,25.935,-0.096991175,2
Cheilinus oxycephalus,29.06692623,29.05620041,24.96129781,-2.089236018,29.383,24.973,-1.927475744,2
Cheilinus trilobatus,28.97702343,28.77804378,24.32001049,-2.274506776,29.331,24.939,-1.87961575,2
Cheilio inermis,25.19448428,27.58309187,20.90344725,-0.970627269,29.393,21.685,0.35154665,0
Cheilodactylus fuscus,18.46597606,22.53084038,17.32573998,1.492157266,24.259,13.864,0.60767749,3
Cheilodactylus nigripes,15.73726567,18.42898069,14.10921619,0.542686496,20.01,14.088,1.338504416,2
Cheilodactylus spectabilis,14.08591981,18.89997215,14.30647179,2.343622631,20.885,13.991,3.420489985,2
Cheilodactylus vestitus,23.22469453,23.9365749,19.27920455,-1.649800824,26.955,14.215,-2.69356585,3
Cheilodipterus artus,29.06842225,29.04979334,24.62917476,-2.255417645,29.478,22.249,-3.270328829,3
Cheilodipterus macrodon,26.39122105,29.06288593,22.48962426,-0.627516283,29.629,24.962,0.922733621,2
Cheilodipterus quinquelineatus,27.37586406,29.05335871,21.65306877,-2.0639289,29.6,24.805,-0.176902103,1
Chelmon marginalis,28.98893297,28.70848566,24.62119403,-2.085352874,28.836,25.002,-1.956122449,3
Chelmon rostratus,25.44996169,28.69765775,23.61365424,0.72009623,29.471,24.157,1.391875828,3
Chelmonops curiosus,18.75468641,21.53090959,17.1126299,0.578656463,23.177,14.139,-0.098659601,3
Chelmonops truncatus,21.50247305,22.8932196,19.11466443,-0.508705141,27.146,13.667,-1.118339846,2
Chironemus marmoratus,17.58614449,22.29968244,15.997811,1.594492077,24.066,14.57,1.767199504,3
Chlorurus bleekeri,30.01875513,29.98966074,26.16411295,-1.951810095,29.754,27.343,-1.230102041,2
Chlorurus microrhinos,26.86393933,29.01703181,22.06437363,-1.350241436,29.6,24.813,0.349551708,2
Chlorurus sordidus,25.89111698,29.05615595,21.65852199,-0.544671443,29.561,24.155,0.986615323,2
Choerodon cauteroma,24.13082555,26.72533607,22.25227086,0.365283585,28.076,22.305,1.081300459,3
Choerodon cyanodus,27.1493506,28.44052326,25.27589168,-0.297084831,28.539,26.297,0.27413204,2
Choerodon fasciatus,27.60246869,27.75114754,24.54425373,-1.484457196,29.394,25.189,-0.317314987,2
Choerodon schoenleinii,28.11391403,28.18812859,24.68412712,-1.712026712,28.64,25.964,-0.828483705,3
Chromileptes altivelis,26.10454525,28.08222982,24.68590157,0.285224943,28.656,24.892,0.683117091,1
Chromis acares,27.14663038,28.55702839,24.37975068,-0.692082498,29.219,24.761,-0.159826921,1
Chromis agilis,26.88931155,28.5437329,24.32807548,-0.462660571,29.214,24.524,-0.02072607,3
Chromis amboinensis,29.78837756,29.08369049,25.66642435,-1.743503133,29.724,25.667,-2.069897959,2
Chromis atrilobata,28.76652531,28.76604378,22.52270492,-3.185376968,29.16,17.544,-5.525025824,1
Chromis atripectoralis,25.74034043,29.05544893,21.77884752,-0.329787965,29.576,24.84,1.497611805,1
Chromis atripes,29.34147744,29.81647059,24.72073132,-2.115180087,29.712,25.266,-1.890283101,1
Chromis chromis,18.03035802,19.83077497,16.54298085,0.159714166,22.534,16.598,1.566981608,2
Chromis chrysura,25.60916659,27.06890027,22.15862022,-1.015720761,28.936,24.411,1.086054498,2
Chromis cinerascens,29.04196721,29.03964617,25.75008028,-1.678349948,29.469,27.307,-0.667313483,3
Chromis dimidiata,28.81287733,29.07322575,24.3802264,-2.128725767,29.45,24.777,-1.734058499,1
Chromis dispilus,17.32710383,21.37212466,17.37963115,2.036986485,21.476,17.049,1.974894056,1
Chromis flavomaculata,23.21479252,25.8678084,21.31025017,0.381874248,28.911,22.067,2.320619874,3
Chromis hypsilepis,20.69160624,22.46158014,16.17205165,-1.402847295,24.148,13.991,-1.655210453,2
Chromis iomelas,27.70402892,28.43646858,24.75527313,-1.13077354,29.003,24.401,-1.022478492,1
Chromis klunzingeri,18.08233926,20.90146404,18.19586973,1.380405261,23.723,17.134,2.39404157,2
Chromis lepidolepis,30.01875513,29.06103694,22.52295476,-3.335756213,29.608,24.981,-2.360714286,2
Chromis margaritifer,29.83791611,29.06399179,22.15353859,-3.525741428,29.594,24.825,-2.433163265,1
Chromis nitida,24.26321627,27.25895529,19.88588934,-0.704891796,28.764,23.734,2.026309924,2
Chromis retrofasciata,30.01875513,29.99172196,24.91577676,-2.589767955,29.731,25.783,-2.014285714,1
Chromis ternatensis,30.01875513,29.89041423,24.90046824,-2.545890808,29.609,25.668,-2.010714286,1
Chromis vanderbilti,25.82407081,28.50479167,22.00310451,-0.581757878,28.993,23.958,0.664723666,2
Chromis viridis,29.99153215,29.39634342,22.19806949,-3.672588737,29.624,25.879,-1.910714286,2
Chromis weberi,29.52410397,29.0731571,22.4858477,-3.360872144,29.694,25.501,-1.965922415,3
Chromis westaustralis,21.70632723,22.33318981,19.13862739,-0.990223089,23.874,17.204,-1.191150232,2
Chromis xanthochira,27.48787109,29.05289364,25.47449317,-0.228752744,29.525,25.242,-0.106501115,1
Chromis xanthura,29.08506156,29.05617402,25.56042418,-1.783545836,29.359,25.125,-1.880675061,3
Chrysiptera caesifrons,26.33372071,27.396361,24.5660407,-0.35971414,28.154,24.63,0.059468667,2
Chrysiptera cyanea,29.4529241,29.99243776,26.00935889,-1.481658956,29.77,27.933,-0.613698061,1
Chrysiptera flavipinnis,27.41907104,27.31247631,22.00393195,-2.708441005,29.001,23.877,-1.000072488,3
Chrysiptera notialis,23.0033039,22.57203462,20.71037652,-0.949825558,29.465,15.595,-0.48296316,1
Chrysiptera rex,28.70204911,28.85671619,26.77194861,-0.905833381,29.463,27.969,0.014235599,1
Chrysiptera rollandi,27.57179611,29.9473974,24.29172298,-0.461465221,29.751,25.986,0.302759073,1
Chrysiptera talboti,30.01875513,29.97688953,25.70783572,-2.17808868,29.718,25.663,-2.068877551,2
Chrysiptera taupou,28.42911367,28.5106094,24.77465813,-1.822938676,29.268,25.195,-1.222054761,3
Cirrhilabrus cyanopleura,29.08187415,29.07259747,26.48300854,-1.321218843,29.47,26.227,-1.258545046,1
Cirrhilabrus exquisitus,29.53904241,29.07102288,24.72894008,-2.215348367,29.708,26.767,-1.328104498,3
Cirrhilabrus punctatus,26.06739695,29.38985476,20.70758874,-1.039464491,29.741,24.518,1.083778618,2
Cirrhitichthys aprinus,22.33130138,24.56768033,19.86948871,-0.115017202,27.937,14.598,-1.085511611,2
Cirrhitichthys falco,25.6041349,29.06332678,22.0737056,-0.036345618,29.712,24.858,1.715168474,2
Cirrhitichthys oxycephalus,29.53904241,29.04992999,22.94433333,-3.115100333,29.655,25.036,-2.238308579,3
Cirrhitus rivulatus,23.34635482,28.60425838,22.32900273,2.163546665,29.271,22.921,2.805760384,1
Cirripectes alboapicalis,23.30739926,26.98093351,20.59562842,0.490695615,28.3,18.039,-0.140713531,2
Cirripectes chelomatus,24.87016687,27.33012093,21.62962432,-0.398259439,29.026,22.126,0.720237886,1
Cirripectes filamentosus,27.98781035,28.02590962,23.7574142,-2.138926981,28.535,24.741,-1.3773575,2
Cirripectes stigmaticus,28.09853928,27.40638934,24.19432832,-1.638806646,29.333,24.747,-1.080142118,2
Coris auricularis,21.2087518,22.37164159,18.60736202,-0.73392857,25.813,17.171,0.289028773,1
Coris batuensis,25.80482076,29.05503808,23.3358844,0.39861274,29.418,25.435,1.65477474,3
Coris caudimacula,26.78152782,26.32444331,22.06480164,-2.173286563,27.901,23.104,-1.305130432,2
Coris dorsomacula,22.67775249,27.18672609,19.3481377,0.601713675,29.434,22.017,3.109946434,2
Coris gaimard,25.81142447,29.05659764,22.41365967,-0.077852875,29.349,24.8,1.28885258,1
Coris julis,18.17626009,20.02483721,16.08470451,-0.123968601,22.52,16.278,1.247693785,1
Coris picta,21.02784226,22.56632537,18.79062429,-0.356497379,24.331,13.797,-2.003920676,3
Coris sandeyeri,18.32809796,21.40320902,17.55414549,1.1740605,23.918,14.219,0.755512282,3
Crossosalarias macrospilus,25.48230702,27.69909051,22.15353859,-0.56733926,29.428,24.851,1.691013241,1
Cryptocentrus strigilliceps,28.04205198,28.36905609,25.1872282,-1.289703918,29.247,24.676,-1.102604065,2
Ctenochaetus binotatus,29.91993086,29.07328723,24.54173497,-2.312016456,29.546,25.069,-2.284183673,2
Ctenochaetus cyanocheilus,29.78427975,29.08383482,24.90812773,-2.130462797,29.61,25.081,-2.310714286,1
Ctenochaetus flavicauda,26.66580814,28.51752611,24.43066257,-0.195626322,29.215,24.777,0.336930473,1
Ctenochaetus striatus,27.82490772,29.06077493,24.54792066,-1.041387677,29.567,25.14,-0.481028283,1
Ctenogobiops mitodes,27.15170638,28.01503078,24.64275472,-0.839605749,28.993,24.594,-0.365516719,1
Ctenogobiops pomastictus,28.67325373,28.76965915,25.18229309,-1.731915927,29.266,25.576,-1.277809928,2
Ctenolabrus rupestris,12.64757054,18.82656737,9.963609439,1.783181496,21.691,6.218,1.33360149,1
Cypho purpurascens,25.72243528,27.27022254,24.5399703,0.186388925,28.996,24.395,0.992923189,1
Dactylophora nigricans,19.17860344,20.57275624,15.72658402,-1.04993195,23.118,14.728,-0.260819835,2
Dascyllus aruanus,25.59375264,28.85651434,21.71518782,-0.314185263,29.42,24.832,1.563517714,3
Dascyllus flavicaudus,27.53786612,28.29401913,24.66991308,-1.077448997,29.062,24.569,-0.737108286,1
Dascyllus reticulatus,29.9562459,29.06367391,22.10411441,-3.55079566,29.59,24.741,-2.473979592,2
Dascyllus trimaculatus,30.01875513,29.52316689,21.82242384,-3.928950536,29.567,24.721,-2.47244898,2
Dasyatis brevicaudata,16.37835288,22.29325137,13.8423224,1.723912249,24.114,14.23,2.850660326,1
Diademichthys lineatus,27.20508016,29.07495486,23.51898543,-0.926642879,29.508,21.254,-1.86130629,1
Diagramma labiosum,27.43703537,28.1687441,21.66300448,-2.572613351,28.599,24.237,-1.039832013,2
Dicotylichthys punctulatus,19.16856348,22.58152166,18.88796203,1.598141192,24.576,13.635,-0.064350488,2
Dinolestes lewini,17.47251552,20.74798506,14.54500583,0.177530538,24.002,14.337,1.731616816,2
Diodon holocanthus,24.20668556,28.58301453,21.80470255,1.007319372,28.676,21.456,0.876851473,2
Diodon nicthemerus,13.49423497,20.52936837,13.52039617,3.576006223,23.978,13.942,5.120408163,2
Diplodus cervinus,20.39737895,22.14943297,16.58352941,-1.051936486,22.837,16.697,-0.643243823,1
Diplodus sargus,16.9444472,21.80877428,15.37424624,1.680676596,22.52,16.278,2.504645719,1
Diplodus vulgaris,15.35301984,22.01153557,16.44932798,2.837861016,22.52,16.278,3.184693878,2
Diploprion bifasciatum,27.02682843,29.06901505,23.69103146,-0.660005285,29.488,21.029,-1.80441677,1
Diproctacanthus xanthurus,28.39165011,29.98829549,27.48741724,0.35327168,29.736,27.957,0.464132536,0
Dischistodus melanotus,26.70184699,28.8201776,24.75388113,0.086920785,29.769,25.107,0.751176538,3
Dischistodus perspicillatus,29.9335333,29.06052531,25.9576711,-1.583088882,29.739,26.085,-1.864285714,2
Dischistodus prosopotaenia,26.15233581,28.71028689,24.44305351,0.43299427,29.393,25.076,1.104249171,3
Dotalabrus aurantiacus,13.6405048,20.55542687,13.54474624,3.479165059,20.606,14.098,3.320408163,2
Ecsenius bicolor,28.48910355,29.04986153,24.50719186,-1.745486585,29.649,25.788,-0.78633015,2
Ecsenius lividanalis,29.08506156,29.07255677,26.66074746,-1.230514955,29.499,27.519,-0.587817918,3
Ecsenius mandibularis,25.15951382,27.35371433,24.47737996,0.77146257,27.444,24.087,0.618353241,2
Ecsenius stictus,26.52441289,27.74786969,24.84016099,-0.235099534,29.151,24.877,0.499578686,2
Ecsenius yaeyamaensis,28.7190335,28.71127732,24.50499002,-2.146064952,29.336,25.548,-1.30309541,3
Enoplosus armatus,17.81566867,20.81129808,15.27430704,0.231769271,24.032,14.725,1.594725846,3
Epibulus insidiator,29.97389877,29.04573497,24.54362472,-2.296995029,29.607,25.272,-2.211734694,1
Epinephelus bilobatus,26.35068457,28.56272503,24.49322476,0.180908495,28.678,26.033,1.025321863,2
Epinephelus fasciatus,25.00826264,29.04425546,21.94873975,0.498198951,29.542,22.961,1.268609553,2
Epinephelus labriformis,22.21377049,28.66290698,22.32900273,3.231583798,29.271,22.921,3.239795918,2
Epinephelus merra,27.95339514,29.0459638,24.20169904,-1.356697672,29.409,25.04,-0.74377055,2
Epinephelus polyphekadion,25.40270156,28.43999249,24.66984358,1.175731094,29.185,24.836,1.640610652,3
Epinephelus quoyanus,25.7873523,28.89664575,24.09449384,0.722670917,29.473,24.186,1.063416024,1
Epinephelus rivulatus,25.3416623,26.88315099,21.46119641,-1.193355715,28.184,21.366,-0.578226835,2
Eubalichthys bucephalus,17.91697108,21.06653962,17.69696038,1.49467237,24.28,13.84,1.166356043,1
Eubalichthys mosaicus,16.76739248,20.93989972,15.2843388,1.37217018,23.953,14.53,2.524599508,1
Eupetrichthys angustipes,17.7585269,22.36081038,15.88207659,1.390731204,24.04,14.549,1.567319486,3
Eviota atriventris,29.08506156,29.07529868,25.91787227,-1.610931842,29.433,25.803,-1.497001591,2
Eviota guttata,26.02569141,29.05613372,24.73271903,0.886464249,29.393,25.41,1.403886315,3
Eviota prasites,29.07067031,29.06315321,25.4973224,-1.819301434,29.406,25.324,-1.740479913,3
Eviota sebreei,29.08506156,29.07571204,24.54729439,-2.310417166,29.435,26.123,-1.332715877,2
Fistularia commersonii,27.57096021,28.92293716,21.58223034,-2.365690268,29.367,24.258,-0.77393899,1
Forcipiger flavissimus,30.01875513,29.07324112,22.15589959,-3.529255883,29.53,24.415,-2.609693878,2
Forcipiger longirostris,29.24554595,29.0539034,25.20447285,-1.963995178,29.644,26.324,-1.287291784,2
Forsterygion varium,13.37857923,18.06912568,13.42603484,2.368923902,17.75,15.128,1.337755102,2
Fusigobius duospilus,28.68015917,29.02781806,24.55244121,-1.928601568,29.399,24.937,-1.543019561,2
Fusigobius neophytus,25.78131752,27.89155062,21.64987886,-1.031227332,29.395,24.255,1.064982118,2
Fusigobius signipinnis,29.08506156,29.06564204,25.47392206,-1.832510197,29.444,26.013,-1.384246489,3
Gerres subfasciatus,21.88429364,24.20621443,19.28453586,-0.141753564,25.397,19.492,0.571639146,3
Girella cyanea,20.13631306,22.15749727,17.81581694,-0.152710158,22.025,17.437,-0.413584754,2
Girella elevata,22.4713723,20.89075378,15.61890467,-2.689718934,24.239,13.892,-3.475379897,2
Girella tricuspidata,20.24729166,22.13770186,15.95738646,-1.224232141,23.997,14.176,-1.184481281,3
Girella zebra,16.87459495,20.58202715,14.98484079,0.927386758,20.092,14.221,0.287658214,3
Gnathodentex aureolineatus,29.52222982,29.07029235,24.78922404,-2.184218523,29.557,25.135,-2.220642676,3
Gnatholepis anjerensis,27.58035814,29.05895032,20.55758304,-2.828664749,29.481,24.338,-0.68454912,2
Gnatholepis cauerensis,24.95564607,28.7295288,21.73514873,0.282339479,29.392,25.06,2.210204082,3
Gobiodon histrio,28.76710525,28.41550274,24.48358213,-2.006081943,29.477,27.609,-0.228678831,1
Gobiusculus flavescens,13.62673221,16.81539398,9.858585499,-0.295655583,20.578,5.916,-0.387481848,1
Gomphosus caeruleus,29.07998634,29.07362534,26.43072093,-1.348420618,29.509,25.764,-1.472945244,2
Gomphosus varius,29.46016879,28.85655738,21.64983209,-3.676900655,29.572,23.943,-2.757825295,1
Gymnothorax dovii,25.76613394,27.9525715,23.69829918,0.060511631,29.208,22.801,0.243230673,2
Gymnothorax eurostus,23.361771,25.19386407,20.78398257,-0.38045682,28.139,22.122,1.804825507,1
Gymnothorax javanicus,28.60348531,29.01444391,25.34172507,-1.454490636,29.412,25.335,-1.255087054,1
Gymnothorax prasinus,18.64076639,20.91140652,16.23682002,-0.068013393,24.311,16.117,1.605340414,1
Haemulon steindachneri,28.04127352,28.58880666,24.24977459,-1.655084588,28.98,24.446,-1.355381143,1
Halichoeres biocellatus,29.52410397,28.77237705,24.49332245,-2.183191122,29.691,25.023,-2.211330579,3
Halichoeres brownfieldi,20.40800354,21.57323468,18.57168033,-0.342393913,23.713,17.143,0.020404551,2
Halichoeres chierchiae,28.76652531,28.76604104,24.74768379,-2.050182269,29.308,23.405,-2.459209498,1
Halichoeres chloropterus,29.78837756,29.07021067,25.74784836,-1.695082811,29.753,26.933,-1.43877551,2
Halichoeres chrysus,29.53904241,29.08213748,22.29978068,-3.460386125,29.736,25.614,-1.902084089,3
Halichoeres dispilus,22.21377049,28.75749658,22.25013661,3.320081616,29.271,22.921,3.239795918,2
Halichoeres hortulanus,30.01875513,29.06763684,24.49456103,-2.333201946,29.573,25.132,-2.265816327,2
Halichoeres margaritaceus,28.27240437,27.57434699,21.67106164,-3.011880283,29.014,23.688,-1.960616706,3
Halichoeres marginatus,26.90925668,29.06074385,22.33823119,-1.234458328,29.565,24.503,0.127289099,2
Halichoeres melanochir,25.1912357,28.19844323,23.53526833,0.689408248,29.212,20.697,-0.241567039,3
Halichoeres melanurus,28.35535837,29.52405711,24.23227548,-1.507338856,29.636,25.642,-0.730977934,2
Halichoeres nebulosus,26.98360323,28.93261423,19.12268068,-3.016281408,29.419,21.38,-1.616431871,2
Halichoeres nicholsi,22.21377049,28.76604651,22.41435895,3.24065692,29.272,22.917,3.242346939,2
Halichoeres nigrescens,28.89522708,29.03600171,20.62992957,-4.145164737,29.468,25.301,-1.541558246,2
Halichoeres notospilus,28.58308447,28.75652257,24.3565765,-2.067892787,29.308,23.401,-2.274065784,1
Halichoeres ornatissimus,28.52480164,28.50648907,24.71580806,-1.934020924,29.191,24.714,-1.60438943,3
Halichoeres prosopeion,28.99501251,29.62320657,24.74254429,-1.849119467,29.71,25.829,-1.250522965,1
Halichoeres trimaculatus,28.80325137,28.74183675,21.64520499,-3.620730488,29.195,24.367,-2.063521802,3
Helcogramma decurrens,19.44230853,20.71858134,17.23467888,-0.47518206,23.088,16.9,0.562950483,2
Helcogramma striatum,28.73111754,29.05920477,25.24469308,-1.611396541,29.458,25.661,-1.195528097,2
Hemiglyphidodon plagiometopon,29.534829,29.07007661,25.87857425,-1.628317527,29.737,26.405,-1.493703063,3
Hemitaurichthys polylepis,30.00541724,29.98791176,25.71684119,-2.179117641,29.683,25.208,-2.283163265,2
Heniochus acuminatus,25.01494319,28.91551947,21.64983209,0.273196523,29.592,24.95,2.302098789,2
Heniochus chrysostomus,30.01875513,29.35838064,24.58863046,-2.433546009,29.601,24.857,-2.420408163,2
Heniochus monoceros,26.9370772,29.05566826,23.46554856,-0.690274274,29.399,24.652,0.090227345,2
Heniochus singularius,29.60726061,30.00274282,24.57183015,-2.367320531,29.709,26.091,-1.742102659,0
Heniochus varius,30.01875513,29.9798803,24.53079685,-2.780144616,29.672,26.421,-1.658673469,2
Heterodontus portusjacksoni,18.92141202,20.91031951,15.48202835,-0.740038873,23.927,14.706,0.403150998,2
Heteropriacanthus cruentatus,24.06020608,28.23406293,21.88853128,1.021521455,28.555,19.756,0.097238699,2
Heteroscarus acroptilus,18.40665863,20.66556628,15.0412265,-0.564553302,24.033,14.474,0.864123852,1
Hipposcarus longiceps,25.95687715,28.86021004,24.58167544,0.779658768,29.652,25.135,1.465941687,2
Holacanthus passer,24.37194565,28.7639788,22.21377049,1.13972346,29.16,17.544,-1.04076087,2
Hologymnosus annulatus,25.77139367,27.99251773,21.64397896,-0.972597266,29.448,24.171,1.059292178,1
Hypoplectrodes maccullochi,20.55536899,22.47005184,16.13983624,-1.275943828,24.429,13.667,-1.538131627,1
Hypoplectrodes nigroruber,18.48899794,20.8046716,15.27330191,-0.459195091,23.847,14.668,0.784185771,1
Istigobius decoratus,29.04990437,28.8785876,23.67679138,-2.65397766,29.446,25.134,-1.795820787,3
Istigobius rigilius,28.80718579,28.78549863,21.6642491,-3.633290578,29.413,25.285,-1.487944686,3
Johnrandallia nigrirostris,25.3354738,28.76428762,22.53174351,0.318920166,29.271,22.921,0.77604714,2
Koumansetta rainfordi,27.0520177,29.29271648,24.75421358,-0.02913538,29.703,25.508,0.564777855,2
Kyphosus bigibbus,25.8318978,26.46612193,21.47529713,-1.899171709,29.341,17.027,-2.701936534,2
Kyphosus cinerascens,29.0821751,29.07689248,24.97999522,-2.090253706,29.437,25.151,-1.824668472,3
Kyphosus elegans,25.20854891,28.73957866,23.15168716,0.752126527,29.275,22.913,0.903521518,2
Kyphosus sectatrix,20.91096723,28.19805746,19.94265945,3.22386859,28.472,17.5,2.117380374,2
Kyphosus sydneyanus,19.8642113,22.4269316,16.20646357,-0.558687467,23.945,15.544,-0.122154389,3
Labracinus lineatus,22.74227056,26.9180263,21.28269775,1.385807617,28.447,22.238,2.653295349,1
Labrichthys unilineatus,30.01875513,29.69487688,21.65323782,-4.10287707,29.6,25.573,-2.054591837,2
Labrisomus dendriticus,22.21377049,27.10468621,22.21377049,2.495365162,29.29,22.8,3.31122449,1
Labroides bicolor,27.19764098,29.05621473,21.64885852,-1.882759544,29.546,24.476,-0.190449975,2
Labroides dimidiatus,25.65531013,29.06372914,20.39054203,-0.947116883,29.543,21.699,-0.035010333,1
Labroides pectoralis,29.77348749,29.97698461,27.25813268,-1.179519224,29.717,27.368,-1.198469388,1
Labroides rubrolabiatus,26.93290535,28.53423393,25.99227869,0.337092818,29.219,24.761,0.058259852,1
Labropsis australis,26.47916532,28.53248974,22.99381482,-0.730625547,29.228,24.128,0.202892534,2
Labrus bergylta,12.50876004,17.28285397,9.858536252,1.083607212,20.578,5.916,0.753306079,1
Labrus merula,18.12589466,19.92069254,15.36353719,-0.493652854,22.55,16.902,1.632760546,1
Latridopsis forsteri,13.49375683,19.12457924,13.49886817,2.870260752,20.885,13.966,3.530102041,2
Lepidonectes corallicola,22.21377049,25.38208128,22.21377049,1.616485098,25.768,22.664,1.583673469,2
Lethrinus atkinsoni,25.66884897,28.48493025,23.27646024,0.216169671,29.369,24.217,1.147092889,3
Lethrinus laticaudis,28.20601915,28.20173598,26.09329912,-1.075733092,28.622,24.208,-1.827570563,3
Lethrinus nebulosus,26.22331046,27.00371551,20.30026131,-2.623798007,28.704,22.193,-0.790622913,2
Lotella rhacina,14.35754996,20.91787931,13.54895082,2.934556228,24.033,14.088,4.79892861,0
Lutjanus argentiventris,28.76593707,28.66254446,22.90137978,-2.939369734,29.271,22.921,-2.724425584,2
Lutjanus bohar,28.9123119,28.8512377,24.49967278,-2.220186186,29.372,24.842,-1.842155002,3
Lutjanus carponotatus,26.4564628,28.77804378,24.29157182,0.079943873,29.425,25.575,1.064833875,3
Lutjanus fulviflamma,27.83616028,28.99499044,23.50760528,-1.617206552,29.417,24.591,-0.849143143,2
Lutjanus fulvus,29.98919289,29.44609439,24.94454986,-2.296706392,29.635,25.078,-2.325,2
Lutjanus gibbus,29.99912449,29.12759097,26.29621737,-1.444578368,29.63,25.477,-2.118877551,2
Lutjanus kasmira,29.0821751,28.88379167,23.43073839,-2.78217004,29.412,24.976,-1.926709288,3
Lutjanus lemniscatus,26.78399735,28.20617613,24.72097442,-0.326961298,28.663,26.397,0.761227197,2
Lutjanus monostigma,28.76537596,29.08187415,25.17089583,-1.672439764,29.48,26.889,-0.592730569,1
Lutjanus quinquelineatus,26.18426947,28.32446078,24.58750068,0.277256387,29.281,25.178,1.066561762,2
Lutjanus russellii,28.53168263,27.58896033,22.18809168,-2.755545231,29.456,22.934,-2.384370027,3
Lutjanus viridis,26.54832592,28.7660513,22.9520929,-0.703320227,29.275,22.893,-0.473801959,1
Macolor macularis,30.01875513,29.7200383,26.37606684,-1.706107889,29.691,26.001,-1.882653061,2
Macolor niger,29.99912449,29.08209234,25.41204457,-1.872473352,29.644,25.769,-1.977040816,2
Macropharyngodon choati,26.24581404,27.12155496,22.32896438,-1.551586099,27.09,22.833,-1.310524534,2
Macropharyngodon meleagris,29.53904241,28.71536906,21.63406089,-3.61291233,29.604,24.796,-2.386777967,3
Macropharyngodon negrosensis,28.5074096,29.07523371,19.63301378,-4.238046787,29.486,24.645,-1.471336326,1
Macropharyngodon ornatus,28.0084347,29.06902077,22.36501197,-2.338181966,29.476,26.29,-0.127994588,2
Mecaenichthys immaculatus,20.11060953,22.46250427,18.90238521,0.583505322,24.474,13.666,-1.061846457,3
Meiacanthus atrodorsalis,29.06842225,28.84933607,24.7343599,-2.099477638,29.396,25.387,-1.711145156,3
Meiacanthus grammistes,24.72487018,29.06362432,21.95002698,0.797913742,29.413,25.279,2.109183673,2
Meiacanthus lineatus,24.59038255,27.52325003,23.18708447,0.780392553,27.549,23.364,0.883793318,2
Melichthys niger,25.49420317,28.51910636,24.06798053,0.815653345,29.377,24.833,1.643670236,2
Melichthys vidua,30.01875513,29.9888844,25.80548073,-2.13438963,29.643,25.094,-2.320918367,2
Meuschenia flavolineata,17.42404387,20.70213086,15.27449454,0.575784521,24.032,14.603,1.932098095,3
Meuschenia freycineti,13.51862022,20.86630737,13.81759904,3.596279759,23.819,14.227,4.893877551,3
Meuschenia galii,18.29745662,21.28603893,15.73013661,0.214929743,23.181,14.802,0.708207526,2
Meuschenia hippocrepis,18.08767757,20.59726431,15.14321156,-0.22187718,23.103,15.156,1.063084114,3
Meuschenia scaber,18.211595,18.88556299,15.66341761,-0.95622928,24.02,14.12,0.875923472,3
Meuschenia trachylepis,20.1546781,21.80379003,18.68360754,0.090837435,24.473,13.666,-1.107324588,2
Microcanthus strigatus,22.85290853,23.89088543,19.09249022,-1.389000721,28.84,17.762,0.457236194,3
Microspathodon bairdii,23.96527104,28.15911902,22.81857923,1.55467151,29.264,22.636,2.025233628,1
Microspathodon dorsalis,24.98269981,28.75506156,22.96229508,0.893855626,29.271,22.921,1.136020605,2
Monacanthus chinensis,22.88243065,28.81684404,19.87600205,1.493869796,28.684,18.872,0.91384628,1
Monodactylus argenteus,26.44562964,28.20060109,19.56175092,-2.616789426,29.477,23.339,-0.038397596,1
Monotaxis grandoculis,30.00541724,29.04504577,24.99576981,-2.065957121,29.639,24.98,-2.377040816,2
Monotaxis heterodon,29.08506156,29.0748119,25.50634682,-1.820645448,29.401,25.048,-1.898532204,3
Mulloidichthys dentatus,26.34568634,28.74480233,23.24119228,-0.359886773,29.275,22.948,-0.238965654,1
Mulloidichthys flavolineatus,27.90506379,29.07061286,21.64828181,-2.597567811,29.594,24.937,-0.65261611,1
Mulloidichthys vanicolensis,29.98919289,29.05418511,21.70911363,-3.747485449,29.603,24.12,-2.79744898,2
Mullus surmuletus,16.96630588,21.54730832,16.5052264,2.10200151,22.371,16.149,2.340504202,1
Myripristis adusta,29.99912449,29.97642134,26.8021735,-1.619514206,29.654,26.727,-1.493367347,2
Myripristis berndti,30.01875513,29.03148975,24.66678962,-2.226887825,29.559,24.833,-2.41122449,2
Myripristis hexagona,27.74055657,28.90497392,25.48113846,-0.558673856,29.558,25.639,-0.144955685,1
Myripristis kuntee,26.82687017,29.0693485,23.51576607,-0.545217233,29.379,24.879,0.308295742,3
Myripristis leiognathus,26.88974969,28.65458841,23.6848166,-0.734742028,29.271,22.942,-0.799234377,1
Myripristis violacea,30.00541724,29.07952006,25.19889812,-1.979909157,29.554,25.211,-2.215816327,2
Naso brevirostris,26.99409426,29.04741049,21.69571613,-1.655643828,29.44,24.843,0.150414018,2
Naso caesius,28.53526274,28.54019152,24.92220628,-1.840881468,29.204,24.788,-1.570676265,2
Naso hexacanthus,28.94603928,29.05606806,25.60304189,-1.649473778,29.453,25.72,-1.387284978,3
Naso lituratus,29.89445213,29.06656056,24.71763798,-2.21883805,29.568,24.818,-2.423469388,1
Naso tonganus,25.9865024,28.25212567,24.46224802,0.378249438,29.375,24.99,1.220405718,3
Naso unicornis,25.16423838,28.55831806,21.66120202,-0.055590142,29.357,23.501,1.290573084,3
Naso vlamingii,30.01875513,29.97788646,25.28354185,-2.395073781,29.615,25.243,-2.230612245,2
Neatypus obliquus,20.68590434,21.31270357,17.68069467,-1.213474715,23.769,17.236,-0.18714729,3
Nemadactylus douglasii,18.54420979,20.85009183,16.1977903,-0.020682371,24.02,14.144,0.548765521,1
Nemateleotris magnifica,26.73213295,29.07096281,24.47686168,0.04263193,29.59,24.92,0.533537803,1
Neocirrhites armatus,27.79007789,27.89911202,24.48911305,-1.628536073,28.694,24.389,-1.274059067,2
Neoglyphidodon melas,26.65099153,29.05586525,24.27624658,0.015371818,29.437,25.358,0.761743332,3
Neoglyphidodon nigroris,29.81700451,29.24899966,24.64372379,-2.349630546,29.692,25.634,-2.070408163,2
Neoglyphidodon polyacanthus,21.50217563,26.67193748,21.06590266,2.415045352,27.085,21.006,2.595228951,2
Neoniphon sammara,30.00541724,29.05521745,24.57775444,-2.284419905,29.589,25.071,-2.305102041,2
Neoodax balteatus,13.4242623,19.99867486,13.52899419,3.300857484,23.727,13.978,4.973979592,2
Neopomacentrus azysron,26.35499795,28.79479918,24.28534405,0.188850674,29.496,24.405,0.607655149,1
Neopomacentrus bankieri,25.79757934,28.48994511,23.36993639,0.135062663,29.463,24.781,1.351449653,2
Neopomacentrus cyanomos,28.56313645,29.06318519,24.06880301,-2.037900357,29.372,25.546,-1.126669847,2
Neopomacentrus filamentosus,27.63633076,29.03987158,22.24928181,-2.03240211,29.536,26.699,0.490989017,1
Neotrygon kuhlii,24.37730028,28.71071455,20.63199226,0.300054206,29.442,26.298,1.604081633,1
Notolabrus fucicola,15.45717006,18.19047814,13.53451366,0.413597799,20.71,14.288,2.08349994,2
Notolabrus gymnogenis,17.96391896,22.49202601,15.91178529,1.263251725,24.288,13.932,1.169470445,3
Notolabrus inscriptus,18.298562,21.74170204,17.76182958,1.482861034,22.016,17.275,1.374426534,2
Notolabrus parilus,20.62795539,21.52032832,16.9016332,-1.445892485,23.217,14.109,-2.005056523,2
Notolabrus tetricus,15.07749893,18.92482614,13.53401776,1.17543165,20.079,14.088,2.046939866,1
Novaculichthys taeniourus,28.69486503,28.95566197,23.53625412,-2.498884682,29.691,24.845,-1.455984729,1
Oblada melanura,21.98396717,21.84096683,16.55466997,-2.697090231,22.52,16.282,-2.635680784,2
Olisthops cyanomelas,17.272008,20.97261356,14.14710827,0.293727463,24.017,14.337,1.94386939,3
Ophioblennius steindachneri,24.66695398,28.74028728,22.25013661,0.845161192,29.271,22.921,1.458210228,2
Ophthalmolepis lineolatus,17.63951145,21.76283482,15.46045082,0.991970784,24.035,14.467,1.644376072,2
Optivus agastos,17.38502958,20.66679475,17.3950666,1.669249058,24.021,14.166,1.743337166,3
Orectolobus halei,19.69094171,23.47051197,17.6375041,0.880679922,23.994,14.239,-0.586165011,1
Orectolobus maculatus,21.22235481,23.68711696,17.42934375,-0.677678012,24.439,13.693,-2.200362051,1
Ostorhinchus aureus,29.05620041,29.05435107,19.68592514,-4.779809151,29.433,21.817,-3.501224909,3
Ostorhinchus compressus,29.07067031,29.06780073,25.49302391,-1.823865726,29.472,26.067,-1.327724811,3
Ostorhinchus cookii,28.83482769,28.78623998,22.98968468,-2.957426173,29.432,27.497,-0.377885394,1
Ostorhinchus cyanosoma,29.0821751,29.0748119,24.54452546,-2.311370633,29.471,25.833,-1.45936235,3
Ostorhinchus nigrofasciatus,29.78837756,29.07466199,23.71548415,-2.734274408,29.71,26.358,-1.710204082,2
Ostorhinchus properuptus,26.30807489,28.64496175,20.74047899,-1.648320944,29.425,24.923,0.883597047,2
Ostorhinchus wassinki,24.70189131,28.74129217,24.39178202,1.902699775,29.366,27.145,1.133163265,2
Ostracion cubicus,28.09462657,28.54150194,21.07257865,-3.35467987,29.239,24.174,-1.416455685,1
Ostracion meleagris,26.50719211,29.03793648,24.43401597,0.233453179,29.445,25.424,0.946232545,2
Oxycheilinus digrammus,29.27229338,29.08187415,24.5571751,-2.30851992,29.602,25.496,-1.758462635,1
Oxycheilinus orientalis,29.53904241,29.0580749,24.73271903,-2.206814218,29.693,25.825,-1.816369804,3
Oxycheilinus unifasciatus,27.10950244,28.44796243,24.62125828,-0.586624575,29.389,24.917,0.044385266,2
Oxymonacanthus longirostris,25.35681128,28.90210212,22.91626042,0.563642849,29.416,25.329,2.056825229,3
Parablennius pilicornis,17.39638327,19.81686867,15.36990561,0.201024363,22.185,15.571,1.511853811,2
Paracirrhites arcatus,29.07382514,28.64313594,22.53758283,-3.115078117,29.402,24.663,-2.082984833,3
Paracirrhites forsteri,30.01875513,29.07090437,22.45708148,-3.374399436,29.575,24.883,-2.393877551,2
Paracirrhites hemistictus,25.00450824,28.53336183,25.39935536,1.598982893,29.226,24.777,2.037746689,2
Paraluteres prionurus,28.17175079,28.19380609,22.54863947,-2.85768164,29.402,24.884,-1.0497457,2
Paranthias colonus,23.52277403,28.76508584,22.2310444,2.015603156,29.16,17.553,-0.169667375,1
Parapercis australis,28.19311634,28.83860446,21.49285501,-3.089170004,29.386,24.64,-1.204200347,2
Parapercis clathrata,29.02163934,28.80089071,23.58890701,-2.659175357,29.429,24.827,-1.932285045,3
Parapercis haackei,21.52423912,21.95094809,17.1641522,-2.006825483,24.029,17.524,-0.762999101,2
Parapercis hexophtalma,28.99458226,29.07367145,24.54122678,-2.231768514,29.54,25.169,-1.673553324,3
Parapercis millepunctata,30.01875513,29.04599385,25.39912739,-1.860646154,29.667,25.374,-2.190306122,2
Parapercis pacifica,27.60210182,28.89830155,24.57346311,-0.883897434,29.36,25.351,-0.251634507,2
Parapercis queenslandica,24.79094344,27.36376523,21.66675641,-0.281308798,28.886,24.326,1.852098528,1
Paraplesiops meleagris,18.99095292,21.23751819,16.92909631,0.094239114,23.783,16.921,1.388823551,1
Parequula melbournensis,19.15888529,20.58993354,15.88230212,-0.941599453,24.164,14.314,0.081749702,2
Parma alboscapularis,17.40647541,21.7393432,17.66478142,2.07885805,21.915,17.153,2.170943459,3
Parma mccullochi,20.18548673,21.30177596,18.63813942,-0.219927596,23.713,17.143,0.247462518,1
Parma microlepis,18.19793932,21.12100756,15.29074454,0.008098698,24.108,14.024,0.885776199,2
Parma oligolepis,23.56166148,24.22917921,19.66101368,-1.649556167,27.033,22.38,1.168202567,2
Parma unifasciata,21.77236353,22.59073249,18.80400129,-1.09693535,24.508,13.638,-2.754452582,3
Parma victoriae,16.57100294,19.71265232,15.14459001,0.875120641,20.1,14.255,0.618874553,3
Parupeneus barberinoides,28.78329618,28.99428962,24.37587693,-2.141033576,29.628,25.288,-1.352343038,1
Parupeneus barberinus,30.01875513,29.04873634,24.95215109,-2.090094515,29.646,25.674,-2.026530612,1
Parupeneus ciliatus,24.10641585,27.572146,20.26116722,-0.193631878,28.511,20.253,0.281208312,2
Parupeneus crassilabris,30.00541724,29.53683037,25.86098463,-1.875431499,29.591,25.475,-2.1,2
Parupeneus cyclostomus,26.32299242,29.05968536,22.15733607,-0.729062967,29.432,24.886,0.853068957,1
Parupeneus indicus,28.24552937,28.73218536,24.60123611,-1.611039428,29.045,25.496,-0.994927933,2
Parupeneus insularis,25.78782534,28.51330601,24.49265984,0.729752633,29.005,24.544,1.006810874,1
Parupeneus multifasciatus,26.47732902,29.05774017,22.28464316,-0.822589134,29.575,24.84,0.745072433,2
Parupeneus pleurostigma,27.20007819,29.04611202,22.06619945,-1.677471885,29.24,24.707,-0.23120223,2
Parupeneus spilurus,23.24391924,26.30023162,19.04626032,-0.582319659,29.235,15.92,-0.68001963,3
Pempheris affinis,22.61546873,23.35596306,17.94756772,-2.003778924,26.848,14.24,-2.113743607,3
Pempheris analis,21.66681394,27.925513,20.20841084,2.449130584,28.429,14.801,-0.05287137,2
Pempheris compressa,20.28625869,22.46684542,17.57336749,-0.271583915,24.378,13.743,-1.250774175,3
Pempheris klunzingeri,19.49461684,21.30028415,17.27389972,-0.211760103,23.113,17.128,0.638656287,2
Pempheris multiradiata,18.20890302,20.96476918,13.84178962,-0.822064923,24.017,14.343,0.990915285,3
Pempheris oualensis,27.31450442,28.48481148,20.98162947,-2.633963216,29.292,24.075,-0.643882065,2
Pempheris schwenkii,25.23906136,27.00768272,24.00948192,0.275021387,28.592,19.05,-1.447001389,2
Pentaceropsis recurvirostris,14.6107788,19.6057158,13.53654611,2.000359345,23.384,14.213,4.273184902,2
Pentapodus vitta,21.695825,26.08479788,20.31518741,1.534864942,25.592,17.179,-0.316658168,2
Pervagor alternans,25.86361422,27.11754098,21.5608972,-1.555505228,29.044,21.766,-0.467973691,2
Pervagor janthinosoma,28.63141101,28.47903913,21.62936118,-3.494733648,29.378,24.447,-1.753990831,1
Pictilabrus laticlavius,16.83678026,20.90854049,13.5620526,0.40664927,24.017,14.337,2.387979327,2
Plagiotremus azaleus,23.86671765,28.76599726,22.32900273,1.715084026,29.271,22.921,2.274777906,1
Plagiotremus laudandus,29.06842225,28.76148156,20.39079275,-4.270759596,29.421,25.786,-1.494818625,3
Plagiotremus rhinorhynchos,30.01875513,29.08187415,19.59118604,-4.842187811,29.629,24.923,-2.401020408,2
Plagiotremus tapeinosoma,24.09855314,28.54176441,19.05997457,-0.303758831,29.382,19.453,0.325455978,3
Platax pinnatus,29.534829,29.08470075,26.29843887,-1.421562186,29.773,26.341,-1.507988777,3
Platax teira,29.06326949,29.05545263,22.70230303,-3.241402859,29.389,25.637,-1.581907647,2
Plectorhinchus chaetodonoides,29.0821751,29.05544126,24.59839526,-2.274003064,29.439,25.268,-1.763954186,3
Plectorhinchus flavomaculatus,24.67490808,26.98234973,20.45134041,-0.977615318,29.423,18.483,-0.7366409,2
Plectorhinchus gibbosus,26.22152708,28.41711179,22.52526786,-0.765650256,29.513,26.119,1.627013187,2
Plectorhinchus lessonii,26.79045692,29.05776479,26.0680209,0.788199922,29.438,27.1,1.192857143,2
Plectorhinchus multivittatus,25.1329469,28.48032537,24.67322813,1.473295761,28.567,25.043,1.706176631,2
Plectorhinchus picus,24.19199885,27.09431182,21.57991314,0.148075132,29.015,21.804,1.242348114,2
Plectroglyphidodon dickii,30.01875513,29.06322589,21.65053366,-3.781985833,29.549,24.757,-2.444897959,2
Plectroglyphidodon johnstonianus,28.14622277,28.74714617,21.61610228,-3.02510055,29.367,24.216,-1.382370169,2
Plectroglyphidodon lacrymatus,26.54793114,29.06756204,24.47166268,0.226205329,29.56,24.686,0.586804961,2
Plectropomus laevis,27.29041078,28.53481532,24.71047883,-0.681391534,29.394,24.792,-0.201439568,2
Plectropomus leopardus,28.85627049,28.79998292,24.57447899,-2.155869355,29.274,24.624,-1.946194379,3
Plectropomus maculatus,26.17873163,28.59012906,24.35069229,0.297631686,28.656,24.979,0.651804463,2
Pomacanthus imperator,27.92658617,29.06132109,24.66618197,-1.084525143,29.414,25.15,-0.657740993,1
Pomacanthus semicirculatus,29.0460929,28.67256709,22.08024098,-3.363431686,29.433,24.528,-2.107747853,3
Pomacanthus sexstriatus,27.16478062,28.91091087,24.68885608,-0.372344033,29.739,25.734,0.583387119,1
Pomacentrus adelus,27.71818675,29.09629131,26.10114911,-0.121904627,29.742,27.423,0.881952299,1
Pomacentrus amboinensis,30.01875513,29.07050274,24.37548742,-2.395415976,29.671,25.279,-2.240816327,1
Pomacentrus australis,23.89513136,26.46230903,19.74812833,-0.806033349,26.158,16.98,-2.373603432,2
Pomacentrus bankanensis,26.50168637,29.53904241,22.41883267,-0.533417169,29.688,24.977,0.847769015,2
Pomacentrus brachialis,29.78837756,29.08199453,24.54792066,-2.313302996,29.702,25.85,-1.965306122,1
Pomacentrus chrysurus,28.99615462,29.05634255,23.64939056,-2.697232718,29.514,25.238,-1.653219002,3
Pomacentrus coelestis,25.41468493,29.0280979,19.51208807,-1.167950967,29.583,20.814,-0.22059687,3
Pomacentrus grammorhynchus,26.95967382,29.03728523,24.68434801,-0.100874699,29.516,25.178,0.395230792,3
Pomacentrus imitator,24.81946682,28.27427596,24.66678962,1.684761194,29.141,25.116,2.053571429,2
Pomacentrus lepidogenys,26.9857694,29.26547298,24.54529174,-0.082027587,29.715,25.037,0.398194493,2
Pomacentrus milleri,23.20327169,28.49778836,20.54763676,1.346368235,28.51,17.801,-0.048746622,2
Pomacentrus moluccensis,26.61857647,29.16156601,24.20051402,0.063738311,29.609,24.807,0.601452583,1
Pomacentrus nagasakiensis,26.48224774,27.88414598,21.64530128,-1.752575624,29.27,20.881,-1.435456877,2
Pomacentrus nigromanus,30.01875513,29.9773844,26.0522459,-2.002621685,29.759,27.548,-1.128061224,2
Pomacentrus pavo,29.07067031,29.00556455,25.30475457,-1.888168357,29.424,25.447,-1.668541137,3
Pomacentrus philippinus,27.35407229,28.93422814,24.79215086,-0.500900806,29.693,25.47,0.232069089,3
Pomacentrus reidi,29.08506156,29.07676607,25.96946189,-1.585359279,29.465,27.477,-0.626593428,3
Pomacentrus vaiuli,26.99045197,28.97102531,24.54173497,-0.23884881,29.609,24.987,0.313824516,1
Pomacentrus wardi,25.10242907,27.70971311,23.57611491,0.55151525,29.787,24.63,2.149051972,2
Pomachromis richardsoni,28.86290984,28.80403825,25.03791257,-1.921492695,29.123,25.101,-1.78664269,1
Premnas biaculeatus,29.99153215,29.9868143,26.69424863,-1.67988044,29.761,27.733,-1.034693878,1
Priacanthus hamrur,29.05549932,29.04934768,21.58833939,-3.806636882,29.761,26.257,-1.067856445,3
Prionurus laticlavius,23.39444704,28.73889193,22.25013661,2.14292575,29.271,22.921,2.756686699,2
Prionurus maculatus,22.66567141,22.76761978,19.72313184,-1.44928122,24.341,13.803,-3.667011639,3
Prionurus microlepidotus,22.86748687,24.48159478,19.2623586,-1.01582672,26.925,14.629,-2.133149872,3
Pristiapogon kallopterus,28.41395091,29.06811115,24.81526127,-1.502310915,29.396,24.91,-1.286684599,2
Psammoperca waigiensis,24.60685185,28.51593724,20.52448707,-0.088407855,28.448,17.529,-1.651379444,3
Pseudanthias pascalus,28.40647131,28.54022948,25.82997848,-1.246293195,29.219,24.761,-1.445378891,3
Pseudanthias squamipinnis,29.08187415,29.05761423,21.51028851,-3.850676386,29.422,22.584,-3.141708311,3
Pseudanthias tuka,30.01875513,29.99798564,26.58004426,-1.743847639,29.74,25.803,-2.008673469,2
Pseudocaranx georgianus,20.36303959,22.47516207,15.7335847,-1.284353266,27.98,15.426,1.367306545,3
Pseudocheilinus evanidus,29.99153215,29.53792202,24.40845866,-2.617073144,29.61,25.51,-2.091836735,2
Pseudocheilinus hexataenia,30.01875513,29.17249521,21.69740234,-3.813822893,29.583,24.936,-2.370918367,2
Pseudocheilinus octotaenia,28.85627049,28.79690471,24.49194399,-2.196408533,29.354,24.791,-1.820173971,3
Pseudochromis fuscus,26.11014347,29.05381737,24.28443452,0.570390282,29.407,25.41,1.324853601,3
Pseudodax moluccanus,28.73836859,29.07859895,20.55993451,-3.999083531,29.462,25.642,-1.210580194,2
Pseudolabrus guentheri,23.54421207,25.48523224,19.06531771,-1.29483377,26.855,16.064,-2.127257215,3
Pseudolabrus luculentus,21.07193271,22.55535481,16.03207647,-1.814507212,23.995,14.186,-2.021870112,2
Pseudolabrus miles,14.77703586,18.20183641,16.66107582,0.786102341,20.799,10.955,1.122412387,1
Pseudolabrus mortonii,13.52039617,17.6697068,13.53496824,2.109560492,19.888,13.952,3.028571429,3
Pteragogus cryptus,28.42897636,29.06857045,25.42368747,-1.206987138,29.463,26.018,-0.702526896,1
Ptereleotris evides,29.35077997,29.03600368,21.60753125,-3.790036956,29.582,24.342,-2.437530578,2
Ptereleotris microlepis,28.44909166,28.71759405,20.55736743,-3.889398904,29.42,27.101,-0.192440473,2
Pterocaesio digramma,25.81529712,29.06352514,22.41430976,-0.077938445,29.68,25.049,1.580819263,1
Pterocaesio marri,29.99153215,28.65522555,24.77306744,-1.980692913,29.659,25.599,-2.071428571,2
Pterocaesio tile,29.20998915,29.06937432,25.13594262,-2.006852905,29.56,25.471,-1.729070561,2
Pterocaesio trilineata,29.02609965,28.84382445,25.50468887,-1.703640606,29.737,25.455,-1.459285353,2
Pterois volitans,25.68997076,29.0477944,21.15825888,-0.598922574,29.391,19.957,-1.036704859,1
Pygoplites diacanthus,30.01875513,29.53904241,25.82049335,-1.897218908,29.571,25.372,-2.142346939,2
Rypticus bicolor,24.50843073,28.47484542,22.95325683,1.230224887,29.236,22.83,1.555682924,2
Sargocentron caudimaculatum,30.00541724,29.08193434,26.21929508,-1.460530232,29.598,25.384,-2.15,2
Sargocentron diadema,29.08506156,28.8937944,22.45917929,-3.282966892,29.39,24.648,-2.108226081,3
Sargocentron rubrum,25.75065781,28.44188782,23.0870725,0.014104443,28.326,18.559,-2.355263071,3
Sargocentron spiniferum,29.97389877,29.05925587,25.31851264,-1.908542467,29.648,25.293,-2.221938776,1
Sargocentron suborbitalis,26.75042623,28.75700958,24.08584699,-0.335712185,29.274,22.912,-0.670843088,2
Sarpa salpa,18.29707471,21.98396717,16.46320793,0.945421271,22.835,17.275,1.793801321,0
Saurida nebulosa,27.84142069,28.14490225,21.33913485,-3.162655243,29.543,25.332,-0.412163967,1
Scarus altipinnis,25.56473601,27.57422131,21.65076751,-0.971675099,29.195,24.52,1.31914693,3
Scarus chameleon,24.75794189,27.89312704,21.82460368,0.102983139,29.36,24.168,2.046998075,3
Scarus compressus,23.50166093,28.75713133,22.49436441,2.167435655,29.362,21.836,2.14014191,1
Scarus dimidiatus,30.01875513,29.99893468,24.76475294,-2.670500885,29.731,27.541,-1.117346939,1
Scarus flavipectoralis,29.16477016,29.08188919,24.58018863,-2.296785999,29.741,25.351,-1.651806286,2
Scarus forsteni,26.19043317,29.0561893,24.5881209,0.64461421,29.645,25.132,1.222517171,1
Scarus frenatus,25.79934162,28.65883453,21.66169802,-0.652117698,29.432,24.92,1.404753449,3
Scarus ghobban,22.79265785,28.5239015,20.55737155,1.783651714,29.046,22.491,3.036573627,3
Scarus globiceps,29.53904241,28.8320502,21.64499467,-3.666865069,29.726,24.556,-2.446982049,3
Scarus niger,30.01875513,29.08208482,24.58497418,-2.294444201,29.567,25.142,-2.257653061,2
Scarus oviceps,29.30579155,28.80085431,24.49616776,-2.196268649,29.618,25.073,-2.000297502,2
Scarus prasiognathos,26.86005397,28.85157753,24.08292066,-0.400821301,29.197,17.969,-3.343932619,2
Scarus psittacus,25.70297561,29.00254446,21.65035466,-0.384210252,29.535,24.956,1.574004484,2
Scarus rivulatus,26.45538511,28.2212394,21.66395701,-1.543660108,29.371,25.133,0.812872338,2
Scarus rubroviolaceus,29.08506156,29.0465321,24.05721653,-2.545569166,29.373,24.922,-1.977103632,3
Scarus schlegeli,25.08933911,28.93725479,21.64379169,0.205289926,29.336,22.541,0.866490701,3
Scarus spinus,27.12006668,29.06931601,24.79051744,-0.194030573,29.706,25.883,0.68819726,2
Schuettea scalaripinnis,21.54773546,23.04228361,18.90557018,-0.585518949,24.517,13.637,-2.521158637,2
Scobinichthys granulatus,17.20011087,20.90347832,15.77625683,1.163017043,23.756,15.295,2.372846047,2
Scolopsis bilineata,25.72929149,29.06759944,23.41499453,0.52245459,29.662,24.929,1.598171954,2
Scolopsis lineata,28.6306258,29.27727052,24.32022743,-1.869262067,29.777,26.675,-0.412883469,1
Scolopsis margaritifer,29.98919289,29.7484554,24.62347883,-2.614783966,29.757,27.195,-1.307142857,2
Scolopsis monogramma,27.83440502,28.60034747,23.68806737,-1.724691425,29.358,26.421,0.056219369,2
Scorpaena cardinalis,19.67455007,22.36798526,17.15005669,0.086194799,24.121,14.111,-0.569949055,1
Scorpaena jacksoniensis,20.96871769,22.45514479,18.94829215,-0.272448178,24.695,15.704,-0.784916006,1
Scorpis aequipinnis,15.94050937,20.683593,15.27411339,2.079942676,23.058,15.127,3.216316969,2
Scorpis georgiana,20.10797469,21.2991653,17.09529742,-0.929329931,23.88,17.236,0.459209497,2
Scorpis lineolata,19.37242961,22.47152568,15.29633653,-0.498467867,23.977,14.147,-0.316764909,3
Scorpis violacea,17.32710383,21.68182858,17.37963115,2.194998692,21.917,17.157,2.254996097,2
Serranus cabrilla,16.11034825,18.99816433,15.46692373,1.145097741,21.467,15.59,2.46750179,2
Serranus psittacinus,28.66386971,28.76604651,22.21377049,-3.238735925,29.16,17.544,-5.420275212,1
Serranus scriba,19.25406637,21.43243306,16.8748632,-0.102467595,22.536,16.616,0.328503701,1
Siganus argenteus,29.06842225,29.05589911,24.17784089,-2.488805216,29.432,25.41,-1.681043115,3
Siganus corallinus,29.08506156,29.059092,24.73909151,-2.204081883,29.373,25.254,-1.807715877,3
Siganus doliatus,26.04401077,29.0637235,24.2916067,0.646586051,29.705,25.37,1.523968603,2
Siganus fuscescens,26.28503547,29.05570223,19.5137814,-2.041115973,29.412,21.409,-0.892383134,2
Siganus lineatus,29.534829,29.07469699,24.96625971,-2.09614147,29.66,26.112,-1.682478573,3
Siganus puellus,30.01875513,29.12764295,25.59940491,-1.800121453,29.735,26.974,-1.408673469,2
Siganus punctatissimus,28.94731805,29.10701368,25.66164959,-1.594884095,29.78,26.931,-0.603895968,2
Siganus punctatus,28.00378623,29.06097204,24.63717691,-1.178277302,29.382,25.353,-0.649271668,1
Siganus virgatus,27.10944552,28.71436701,24.59516616,-0.463958096,29.441,27.207,1.139795918,2
Siganus vulpinus,30.00541724,29.68061943,25.16576631,-2.303496489,29.751,26.712,-1.550510204,2
Siphamia cephalotes,16.94208161,20.75183819,15.78323179,1.352503448,23.085,15.602,2.450426933,3
Siphonognathus beddomei,17.82677805,20.79723734,13.82469945,-0.526336378,23.148,14.952,1.248185665,3
Siphonognathus caninis,18.49511363,21.01935169,17.10985485,0.581111877,24.265,17.133,2.248863644,2
Sphyraena obtusata,26.95722697,28.22558759,20.31038812,-2.744121548,29.204,19.45,-2.683905072,1
Stegastes acapulcoensis,26.88890518,28.74575923,24.36750683,-0.339053216,29.308,23.405,-0.543270596,2
Stegastes apicalis,25.40821498,27.52926559,22.33298253,-0.486827473,29.177,23.633,1.017127567,2
Stegastes arcifrons,26.36814094,28.02802668,22.77209187,-0.987838432,29.289,22.807,-0.326674426,2
Stegastes beebei,22.21377049,27.87233037,22.21377049,2.887020346,29.288,22.823,3.298469388,1
Stegastes fasciolatus,23.26947219,28.44508094,21.19981762,1.584670507,29.185,22.171,2.457681443,3
Stegastes flavilatus,28.76652531,28.76604651,24.35519501,-2.250434438,29.308,23.405,-2.459209498,1
Stegastes gascoynei,23.3512633,25.88429713,20.74057599,-0.039619123,29.035,21.759,2.087486426,1
Stegastes nigricans,28.61280174,28.81171346,24.43637238,-2.029345736,29.37,25.093,-1.409491569,2
Stegastes obreptus,24.68137022,28.30508447,20.5317444,-0.268322232,28.646,17.599,-1.5906839,3
Stethojulis bandanensis,25.01532309,29.04069296,20.60586907,-0.195961301,29.542,22.659,1.107323374,2
Stethojulis interrupta,27.49916671,28.76538124,19.07055199,-3.654285812,29.437,23.335,-1.135884396,2
Stethojulis strigiventer,25.19342232,28.11293092,20.33187681,-0.990835159,29.399,23.883,1.477120081,2
Stethojulis trilineata,29.53904241,29.53866895,26.04802319,-1.78094171,29.712,27.183,-1.113818783,3
Suezichthys arquatus,19.76609898,22.57201748,19.05414921,1.068351391,24.21,14.183,-0.58122345,2
Sufflamen bursa,27.16838066,29.072006,24.49864088,-0.390874715,29.554,25.039,0.130734017,1
Sufflamen chrysopterum,25.54308047,29.04465847,21.66555448,-0.191810205,29.541,24.779,1.649917883,3
Sufflamen fraenatum,24.31046649,28.50958736,21.58000886,0.749317985,29.178,22.356,1.486258687,3
Sufflamen verres,24.64291132,28.76604651,22.9466612,1.23820667,29.271,22.921,1.482743551,2
Symphodus mediterraneus,20.01543092,20.00029172,16.53677086,-1.767102481,22.529,16.472,-0.525439711,2
Symphodus melanocercus,18.2625541,19.93074761,16.52956703,-0.033057941,22.562,16.445,1.266271325,1
Symphodus melops,15.88031387,18.38039945,14.90035568,0.775575201,21.876,15.527,2.878761359,1
Symphodus ocellatus,20.10949384,20.00956361,16.54022777,-1.770069307,22.528,16.443,-0.636728412,2
Symphodus roissali,18.66037099,19.99472469,16.82656395,-0.254823129,22.525,16.412,0.824621439,3
Symphodus rostratus,19.33123198,19.99339774,17.03707079,-0.832650726,22.534,16.631,0.256395939,0
Symphodus tinca,20.19135277,19.99538646,16.53434679,-1.765836567,22.523,16.272,-0.810053843,2
Synodus dermatogenys,25.0292938,28.80163456,19.77082137,-0.758230442,29.387,23.009,1.192557346,1
Synodus variegatus,24.84117198,29.05163934,19.78457277,-0.431699921,29.422,24.525,2.175844917,1
Taeniamia fucata,29.08506156,29.08208482,25.52161193,-1.816567801,29.452,26.252,-1.258226081,3
Taeniura lymma,25.92279123,29.01930557,24.29227463,0.747958034,29.553,25.569,1.671641601,1
Tetractenos glaber,16.84056487,20.97146858,15.54447917,1.446335722,24.154,13.96,2.261668504,3
Thalassoma amblycephalum,30.01875513,29.0639075,21.61080521,-3.802603211,29.534,24.378,-2.630612245,2
Thalassoma hardwicke,27.34926662,29.07670966,21.65597647,-2.023391381,29.543,24.93,-0.115067975,2
Thalassoma jansenii,27.58630509,29.07212842,22.04881831,-2.067175229,29.698,25.32,-0.07888274,2
Thalassoma lucasanum,28.76652531,28.76589227,22.52270492,-3.18529967,29.271,22.921,-2.725025824,2
Thalassoma lunare,25.5737048,29.0661767,20.26641948,-0.92592522,29.57,21.774,0.100301221,2
Thalassoma lutescens,24.62168687,28.32140082,20.59913287,-0.164714309,29.13,18.595,-0.774680476,2
Thalassoma nigrofasciatum,26.63758282,27.38915779,21.63413307,-2.169323867,28.806,22.915,-0.792941652,2
Thalassoma pavo,21.83742515,21.88044254,17.67568126,-2.101391074,22.528,16.446,-2.398393015,2
Thalassoma purpureum,26.83572181,27.54378912,21.28971107,-2.468338481,29.056,18.291,-3.226756946,2
Thalassoma quinquevittatum,29.00254446,28.84978005,21.68320739,-3.656414625,29.386,24.29,-2.208718836,3
Tilodon sexfasciatus,17.91616504,20.6839071,15.46417008,0.161095459,23.258,15.282,1.381464244,3
Trachichthys australis,18.4198386,20.83099734,15.90503359,-0.052880747,24.21,14.091,0.745572859,1
Trachinops caudimaculatus,13.37575137,16.44835259,13.42836492,1.540810031,20.081,13.966,3.119897959,1
Trachinops noarlungae,18.38158619,20.71615962,16.89036817,0.430283373,23.724,17.138,2.091238581,2
Trachinops taeniatus,20.78427486,22.45924001,17.25100832,-0.948112955,24.275,13.848,-1.757933533,2
Trachurus novaezelandiae,19.35258079,20.85332992,17.34760153,-0.257260265,24.106,14.376,-0.113857945,2
Triaenodon obesus,25.60019963,28.74097196,23.435,0.497741173,29.609,24.919,1.697755481,0
Trinorfolkia clarkei,18.0463104,20.52841876,14.78713621,-0.396462153,24.041,14.356,1.175703676,1
Tripterygion delaisi,19.80866101,19.88988646,15.35309602,-2.231805894,22.523,15.682,-0.720572462,1
Trygonoptera testacea,19.00113526,20.80719161,18.62322266,0.728644774,24.341,13.838,0.090168104,1
Trygonorrhina fasciata,17.85807695,20.94589327,15.85730726,0.55461563,24.339,13.727,1.198901075,1
Upeneichthys lineatus,18.31111741,20.91829895,17.41943135,0.875252793,24.2,14.015,0.812635293,3
Upeneichthys vlamingii,17.67659425,20.60609977,14.88635329,0.07105334,24.019,14.528,1.629495658,3
Upeneus tragula,28.89866596,29.22000992,20.35223288,-4.196474046,29.546,20.922,-3.739455064,1
Urolophus cruciatus,13.45215607,16.54779317,13.42902664,1.567605951,19.603,13.658,3.033163265,2
Urolophus paucimaculatus,13.87562367,20.52222524,13.57311646,3.236782834,24.192,13.865,5.25803707,1
Valenciennea strigata,29.53904241,28.98656156,20.36280858,-4.399873967,29.7,25.274,-2.093920824,3
Variola louti,29.03044424,28.94532753,22.06560827,-3.510060848,29.431,24.6,-2.056065554,2
Zanclus cornutus,30.01875513,29.06953374,20.65314694,-4.294074897,29.508,22.738,-3.454081633,2
Zebrasoma scopas,26.67889303,29.04627937,24.31540601,0.001989449,29.627,24.873,0.582762213,1
